id,prediction
EC010541,71.3
EC009755,66.62
EC008886,55.93
EC009317,63.53
EC008958,21.1
EC008911,51.85
EC009722,80.47
EC008575,51.59
EC009166,72.0
EC008930,49.64
EC009060,17.83
EC009519,59.35
EC009909,103.66
EC009057,53.64
EC009523,62.96
EC009921,31.96
EC010412,69.19
EC008946,47.8
EC009422,61.83
EC010105,73.82
EC010103,93.11
EC009032,37.4
EC010373,59.29
EC009897,33.4
EC010628,44.35
EC009681,111.42
EC009196,63.48
EC009783,47.53
EC009896,61.67
EC009473,15.21
EC010337,96.07
EC010354,36.53
EC009187,123.04
EC009459,35.8
EC008904,62.8
EC009947,17.86
EC010329,70.89
EC008846,43.09
EC010883,34.99
EC008618,52.43
EC010690,82.67
EC009285,37.37
EC010967,51.75
EC009061,88.24
EC008218,39.45
EC010932,23.54
EC010070,64.27
EC008874,75.05
EC009250,51.97
EC008272,18.42
EC008406,15.69
EC008228,72.52
EC008241,51.3
EC009614,40.11
EC009088,27.63
EC008915,65.74
EC010464,26.4
EC009224,76.13
EC010189,82.78
EC008152,70.62
EC008179,55.02
EC008959,44.88
EC008212,30.4
EC009993,64.23
EC008407,69.72
EC009744,61.02
EC010711,72.72
EC010052,41.79
EC009741,44.69
EC010543,55.25
EC010752,33.36
EC009551,78.28
EC009151,59.22
EC008190,92.8
EC009065,63.75
EC009324,65.47
EC009781,52.06
EC008337,58.51
EC008917,33.35
EC008725,64.13
EC010597,78.64
EC010559,76.08
EC010768,73.05
EC009642,45.37
EC009362,53.89
EC008162,44.81
EC009450,65.72
EC009215,33.52
EC009143,54.22
EC009874,39.27
EC010068,40.74
EC009097,37.9
EC010172,71.95
EC009067,81.9
EC009950,32.56
EC008762,35.41
EC009732,58.41
EC010250,63.94
EC010083,54.29
EC008661,62.7
EC008890,53.6
EC009128,52.06
EC010198,30.17
EC010296,48.3
EC010257,42.99
EC010669,50.11
EC010942,61.91
EC010623,52.02
EC010124,83.15
EC009092,84.85
EC010511,67.86
EC009460,70.56
EC010552,62.13
EC009483,72.07
EC009461,64.47
EC008619,52.81
EC009431,65.23
EC010371,51.92
EC009333,43.59
EC008983,49.76
EC010544,38.9
EC010243,25.02
EC010991,101.95
EC010982,62.85
EC010297,81.79
EC010854,68.2
EC010684,67.84
EC008165,27.87
EC008994,55.5
EC010278,23.02
EC008585,28.07
EC009686,74.8
EC008021,65.25
EC008168,60.1
EC008612,46.09
EC009370,41.97
EC009039,66.09
EC010051,65.25
EC008895,53.39
EC008201,70.95
EC010926,29.45
EC009648,66.51
EC008263,62.51
EC009676,95.11
EC010877,26.9
EC010218,45.64
EC008445,69.97
EC008806,101.79
EC008156,81.54
EC008818,62.27
EC010449,56.64
EC010129,77.56
EC010988,84.58
EC008546,42.1
EC009014,94.6
EC008446,25.66
EC008003,48.98
EC008094,56.85
EC009997,44.3
EC008369,17.73
EC010799,38.98
EC009495,50.51
EC009302,75.47
EC008597,68.55
EC010613,67.76
EC008733,43.03
EC009810,62.26
EC009062,60.35
EC008555,76.66
EC009525,52.26
EC008784,47.45
EC010956,58.1
EC009906,77.79
EC009407,46.31
EC009819,68.73
EC008753,49.42
EC008288,52.84
EC008916,46.38
EC010571,69.13
EC009442,66.82
EC008954,32.56
EC009941,58.87
EC009369,39.3
EC008615,78.7
EC010787,22.04
EC008349,48.3
EC009198,103.27
EC010360,28.99
EC010935,64.96
EC008879,53.89
EC008435,62.35
EC009121,44.58
EC008185,74.1
EC008194,51.67
EC009178,51.06
EC008070,52.2
EC009802,59.03
EC010946,62.66
EC009522,30.34
EC010100,91.64
EC010075,44.16
EC009379,70.89
EC009903,66.05
EC010679,80.11
EC008669,47.78
EC009555,36.05
EC009372,93.31
EC008876,71.83
EC010837,35.31
EC009440,42.16
EC008613,37.71
EC009413,35.21
EC010922,44.4
EC009123,60.19
EC008245,84.14
EC009254,53.66
EC009468,34.92
EC009586,70.34
EC008025,62.08
EC008511,29.48
EC009803,64.58
EC010347,48.88
EC010784,44.01
EC008170,31.83
EC010454,63.02
EC010983,69.65
EC008805,67.85
EC010805,52.87
EC008384,36.98
EC010879,70.69
EC008704,52.96
EC009490,38.38
EC010284,60.86
EC008314,87.45
EC009606,47.64
EC009601,57.46
EC010818,60.78
EC009894,19.08
EC010210,36.57
EC008394,60.21
EC009590,70.72
EC010473,41.19
EC009203,85.96
EC010617,59.84
EC008527,98.22
EC009101,53.26
EC009700,44.06
EC009448,69.91
EC009309,64.62
EC008624,52.47
EC009696,25.43
EC009085,79.65
EC009406,26.01
EC009851,59.49
EC008651,113.43
EC009360,74.14
EC009281,99.2
EC009635,53.42
EC010268,77.77
EC008375,34.12
EC009963,18.26
EC010491,52.3
EC008674,45.44
EC009274,66.3
EC008934,94.54
EC009957,37.73
EC009942,25.52
EC009768,41.77
EC009995,22.41
EC010170,50.62
EC010618,58.1
EC009754,41.68
EC010448,79.95
EC008770,66.51
EC008159,37.9
EC009973,41.49
EC010751,45.73
EC009361,79.46
EC008815,50.24
EC008826,58.06
EC009157,76.77
EC008628,45.97
EC009811,42.58
EC010611,36.1
EC008419,52.16
EC009348,81.3
EC009698,44.32
EC010736,28.57
EC010387,50.56
EC010062,43.24
EC008362,75.88
EC010171,68.55
EC008694,90.97
EC008016,118.96
EC010777,91.45
EC009578,31.58
EC010874,41.91
EC009312,87.71
EC010876,52.92
EC009455,41.75
EC008888,75.39
EC008837,26.03
EC010566,46.71
EC010101,27.89
EC009117,35.79
EC009260,34.15
EC009329,63.71
EC010727,77.81
EC009565,54.83
EC009842,63.9
EC009671,60.97
EC008808,22.33
EC008022,52.71
EC010800,33.78
EC008023,69.54
EC008327,110.59
EC009353,24.59
EC008493,26.38
EC009538,68.4
EC008431,35.87
EC010915,44.56
EC008151,60.8
EC008905,83.96
EC010397,53.35
EC008217,75.35
EC009712,64.01
EC011000,69.33
EC010066,76.07
EC010502,50.47
EC010761,103.57
EC008711,26.7
EC008203,52.72
EC008430,47.72
EC008464,30.79
EC010794,67.43
EC010081,39.94
EC010418,36.11
EC010516,80.29
EC008569,59.51
EC009150,21.37
EC010830,46.97
EC008157,54.69
EC010336,105.71
EC009415,64.51
EC009610,60.43
EC009982,61.7
EC010184,83.95
EC008018,64.6
EC010067,66.76
EC008106,59.01
EC009773,62.71
EC009392,54.08
EC008598,73.57
EC008363,37.74
EC010382,45.27
EC008055,70.16
EC010186,45.34
EC010258,20.88
EC010233,31.35
EC010407,115.85
EC010781,58.68
EC008004,35.57
EC008944,52.01
EC010519,79.96
EC009183,53.52
EC008814,28.01
EC009647,65.82
EC009808,59.83
EC010255,46.47
EC008621,75.38
EC009470,73.26
EC010858,68.54
EC009774,66.43
EC009354,48.37
EC010913,51.35
EC009405,85.11
EC010602,49.31
EC008566,73.61
EC008927,70.2
EC010429,23.36
EC010944,56.98
EC009307,48.25
EC009212,42.3
EC010071,22.25
EC009007,45.35
EC008161,34.41
EC008809,52.89
EC008105,34.9
EC010206,47.2
EC010192,53.43
EC009208,56.55
EC010367,13.6
EC010157,75.98
EC010199,44.38
EC008477,31.49
EC010961,86.08
EC009796,70.31
EC008126,84.08
EC010697,71.82
EC010489,62.18
EC010829,62.38
EC008442,115.57
EC008761,67.02
EC010426,95.28
EC009364,115.47
EC009619,91.86
EC009409,80.28
EC009786,65.55
EC008747,36.01
EC008695,80.94
EC009346,36.01
EC009456,54.43
EC010127,59.81
EC010302,40.43
EC009186,61.11
EC008253,70.38
EC008416,61.64
EC009890,21.26
EC008522,46.43
EC010622,93.89
EC009939,36.81
EC009657,57.63
EC010160,19.33
EC008754,39.81
EC008088,46.02
EC008707,27.75
EC009447,46.15
EC009550,75.32
EC009249,21.47
EC008799,54.56
EC008147,40.02
EC008063,58.57
EC008086,44.32
EC010945,43.93
EC010238,40.83
EC008153,42.43
EC010331,44.08
EC008417,45.09
EC009567,66.34
EC008605,43.07
EC009449,72.92
EC010844,36.39
EC010619,44.56
EC010785,38.25
EC010812,62.59
EC009076,48.22
EC008989,26.18
EC008035,67.46
EC008211,33.45
EC008172,31.34
EC010634,64.15
EC010131,51.88
EC009493,44.86
EC009378,40.76
EC010181,50.6
EC009667,62.3
EC010969,81.29
EC009943,52.19
EC010507,43.49
EC008743,30.61
EC008892,41.86
EC009561,46.76
EC010427,26.4
EC010494,22.52
EC008002,48.16
EC008390,76.75
EC008427,26.71
EC009064,35.72
EC010505,48.92
EC010481,34.9
EC008557,67.65
EC010583,34.86
EC009290,58.38
EC008570,53.37
EC009037,64.87
EC008122,83.79
EC009870,20.91
EC008490,19.07
EC009818,42.2
EC009777,34.22
EC009917,30.49
EC009445,41.37
EC009634,69.88
EC010441,50.59
EC009084,21.28
EC008303,58.54
EC010307,60.71
EC008851,57.24
EC008819,42.96
EC009527,93.39
EC008177,48.84
EC010804,38.89
EC008421,30.62
EC010536,53.6
EC008549,56.23
EC010643,45.59
EC009199,60.06
EC008169,49.82
EC009816,49.54
EC009099,79.76
EC010133,71.06
EC010414,38.59
EC008591,72.12
EC010885,70.94
EC008469,43.54
EC008261,42.33
EC008184,29.11
EC008232,19.11
EC010232,53.4
EC010013,66.19
EC008200,71.55
EC008271,68.08
EC010361,40.43
EC009259,78.34
EC008763,65.88
EC009031,64.62
EC008817,60.62
EC009273,38.84
EC009924,50.72
EC010598,63.3
EC010905,38.3
EC008551,45.08
EC010428,38.19
EC009288,23.4
EC009344,78.15
EC008962,71.39
EC010606,33.68
EC009805,51.34
EC010042,56.91
EC010119,26.35
EC009583,41.57
EC009163,92.32
EC010604,66.64
EC009244,50.99
EC010440,42.4
EC009342,72.4
EC009594,40.85
EC010653,78.96
EC010478,64.66
EC008504,50.75
EC009210,77.85
EC008439,64.33
EC009352,54.68
EC009155,89.82
EC010116,39.07
EC010527,44.88
EC008745,51.03
EC008199,74.86
EC010839,40.54
EC009153,108.54
EC010691,55.25
EC009546,102.41
EC008699,49.11
EC009124,51.79
EC008602,62.48
EC010959,52.7
EC010451,78.14
EC008893,68.56
EC009103,40.03
EC008609,70.49
EC010923,70.51
EC008768,61.06
EC010328,68.04
EC008821,48.33
EC008684,61.81
EC009859,78.65
EC010002,55.94
EC010130,99.46
EC009926,72.58
EC010792,74.49
EC009489,59.34
EC009828,33.85
EC010762,65.52
EC009251,71.42
EC010706,58.14
EC008131,27.13
EC009734,66.34
EC010003,46.09
EC010567,36.16
EC008827,77.28
EC010719,67.47
EC010017,51.61
EC008193,53.41
EC010223,61.47
EC009780,131.22
EC008721,56.96
EC010145,42.64
EC009315,26.96
EC008938,21.06
EC008897,29.99
EC009830,26.35
EC008213,75.8
EC009863,72.65
EC009027,39.58
EC008361,32.94
EC010467,32.55
EC008654,44.22
EC010607,80.88
EC009964,80.63
EC010642,58.89
EC010309,43.42
EC009656,78.99
EC009135,45.27
EC008317,124.6
EC010557,63.14
EC008594,65.59
EC010513,17.1
EC008432,112.49
EC009792,71.06
EC010888,41.58
EC009356,55.26
EC010185,57.84
EC008579,75.31
EC010287,49.03
EC010372,58.31
EC009886,40.37
EC009960,51.4
EC009109,25.23
EC010656,80.86
EC008515,42.67
EC009600,38.56
EC010975,97.89
EC010940,40.82
EC008670,51.09
EC009426,58.06
EC010138,46.42
EC009322,27.75
EC008632,53.93
EC009866,66.66
EC008693,51.91
EC008590,125.02
EC010348,61.58
EC010332,39.02
EC008931,38.36
EC008296,57.67
EC010416,19.4
EC008646,89.42
EC010859,48.0
EC010374,52.55
EC009436,19.87
EC008368,60.57
EC010191,71.02
EC008822,66.75
EC010709,73.65
EC009300,42.4
EC008005,62.97
EC008738,57.82
EC010512,41.21
EC008075,68.45
EC009852,78.02
EC008196,46.98
EC008509,51.12
EC010227,63.51
EC008921,29.88
EC008864,46.9
EC010421,78.04
EC010267,77.89
EC009743,54.86
EC008133,47.23
EC010508,41.18
EC008622,75.52
EC009646,56.7
EC010707,29.94
EC008325,39.91
EC010924,48.13
EC008316,59.08
EC010500,61.04
EC010728,83.93
EC010487,36.02
EC008769,22.06
EC008881,46.92
EC010306,36.22
EC009966,76.72
EC010453,73.59
EC008292,40.69
EC010887,27.09
EC009928,86.0
EC008812,70.05
EC009980,73.69
EC010621,22.0
EC010146,78.63
EC010868,71.23
EC010774,27.07
EC009751,64.38
EC009227,30.31
EC008625,42.41
EC010285,51.26
EC010313,35.19
EC009412,79.66
EC008462,63.21
EC008180,65.59
EC009782,77.02
EC009703,83.62
EC010207,40.96
EC009207,19.08
EC009165,40.75
EC008521,87.23
EC008830,49.95
EC009967,80.61
EC008066,36.77
EC009929,67.82
EC009319,82.44
EC009335,43.65
EC009688,21.73
EC009553,86.78
EC009052,41.1
EC009824,55.24
EC008898,64.3
EC008882,24.22
EC008355,49.12
EC008728,27.09
EC008539,65.72
EC009328,50.01
EC009595,39.16
EC010573,37.34
EC008973,69.47
EC009425,40.64
EC010685,29.84
EC008798,54.52
EC009931,59.48
EC010137,88.47
EC009439,75.99
EC010616,37.65
EC010941,35.79
EC008350,44.17
EC008538,33.45
EC009739,39.42
EC010301,37.19
EC008341,48.65
EC009265,44.65
EC009534,75.51
EC009498,46.91
EC008629,50.57
EC009326,49.67
EC009263,45.61
EC009111,52.89
EC009737,45.19
EC010696,37.47
EC008960,21.76
EC010370,60.96
EC009711,64.42
EC009785,50.85
EC008137,73.98
EC008485,90.63
EC009990,45.67
EC009624,32.43
EC009003,22.26
EC008420,50.51
EC008049,56.99
EC008069,66.73
EC008600,95.31
EC008481,63.09
EC009233,86.01
EC010335,43.67
EC008112,60.05
EC008840,82.26
EC009271,70.94
EC008774,27.64
EC009511,71.13
EC008238,65.72
EC010568,39.3
EC008681,35.27
EC010417,50.42
EC008270,47.95
EC008679,40.92
EC010215,41.71
EC009631,50.83
EC010599,129.32
EC010275,56.34
EC009367,36.36
EC008371,29.02
EC010572,28.63
EC008966,34.26
EC008240,49.67
EC010194,21.45
EC009129,96.85
EC008413,64.27
EC009130,70.74
EC008089,42.94
EC009506,47.37
EC010472,58.56
EC010612,78.82
EC009387,42.13
EC008663,51.81
EC008889,22.03
EC009397,66.19
EC010442,69.43
EC009952,98.65
EC008252,33.65
EC010596,39.45
EC008856,66.03
EC009021,22.35
EC010595,64.14
EC008520,69.95
EC008533,49.64
EC009089,62.55
EC009463,67.75
EC009105,69.27
EC010178,85.65
EC008641,24.63
EC009663,61.36
EC008660,74.75
EC008483,47.97
EC009880,44.24
EC008736,41.7
EC009988,83.44
EC008074,76.0
EC010018,49.06
EC010620,69.67
EC009377,85.65
EC010539,40.13
EC009075,69.05
EC010326,42.71
EC008465,38.59
EC009984,24.64
EC009720,80.61
EC008697,63.3
EC009572,47.01
EC008458,26.28
EC010281,78.89
EC010813,42.16
EC008899,63.2
EC008475,44.89
EC008865,95.7
EC009049,74.44
EC009110,17.02
EC008804,33.66
EC008942,57.78
EC010817,31.8
EC009625,84.87
EC010161,47.21
EC009972,39.44
EC009537,55.17
EC010241,42.9
EC010949,57.49
EC010919,59.65
EC010626,84.64
EC010034,29.43
EC009078,98.95
EC010872,42.88
EC009888,47.37
EC010842,28.87
EC009339,91.82
EC008985,54.33
EC009191,27.06
EC009371,45.36
EC009359,41.14
EC010123,45.89
EC009073,64.23
EC008123,50.22
EC010964,62.08
EC009752,67.33
EC010608,58.39
EC009148,56.18
EC008811,39.98
EC008321,70.45
EC008092,51.99
EC008149,67.98
EC008249,38.9
EC009708,40.73
EC010570,49.64
EC010806,61.74
EC008096,37.72
EC010228,22.32
EC010802,66.38
EC009170,42.28
EC010310,55.72
EC010366,40.83
EC009827,41.21
EC008824,63.42
EC008572,32.76
EC009787,66.13
EC010270,42.31
EC010927,72.06
EC008336,53.09
EC008051,58.06
EC009849,41.04
EC010381,48.37
EC008491,39.94
EC008456,21.96
EC009905,35.32
EC010609,75.45
EC009338,38.76
EC008558,41.93
EC008409,54.02
EC010019,34.91
EC008060,15.92
EC009286,28.28
EC010601,50.97
EC009056,49.25
EC009876,22.36
EC008259,48.19
EC009252,49.24
EC010038,60.7
EC010549,18.61
EC008366,67.49
EC008405,35.9
EC009564,51.6
EC008708,69.51
EC010352,17.73
EC008455,83.58
EC008457,25.6
EC008623,59.77
EC009169,67.33
EC010744,49.77
EC010808,37.7
EC008182,96.12
EC008556,48.28
EC010282,58.66
EC010862,63.12
EC009715,47.86
EC008473,59.15
EC008487,99.03
EC009035,41.44
EC009433,38.27
EC010807,29.34
EC010143,45.92
EC009365,75.96
EC009197,60.23
EC008863,69.3
EC009872,38.18
EC008059,24.72
EC008318,65.18
EC009204,63.29
EC008868,40.79
EC010217,48.61
EC010498,45.63
EC010458,68.29
EC010343,63.97
EC009164,58.09
EC009616,38.43
EC010870,67.95
EC008867,66.22
EC008644,58.63
EC010376,39.12
EC008297,35.49
EC010455,41.54
EC008214,46.12
EC008744,48.29
EC009692,67.7
EC009706,60.1
EC009112,75.7
EC009306,84.67
EC008360,63.32
EC010947,78.7
EC010162,51.43
EC009462,51.29
EC010978,95.66
EC010212,52.19
EC009705,35.9
EC008940,74.05
EC009898,56.95
EC010756,70.79
EC008758,59.79
EC008155,64.29
EC008183,97.53
EC010411,50.52
EC008909,60.04
EC010554,100.12
EC010174,76.15
EC008599,64.98
EC009788,43.45
EC008803,67.38
EC010277,64.09
EC009841,42.8
EC010405,56.22
EC009604,42.85
EC008627,72.34
EC009501,44.68
EC010651,45.38
EC010321,57.38
EC009043,49.11
EC008387,78.65
EC008950,72.46
EC008301,34.16
EC010056,34.72
EC008340,65.14
EC010836,63.57
EC009366,67.27
EC008132,36.06
EC009756,111.71
EC008748,25.29
EC010633,68.12
EC009262,69.39
EC010353,70.2
EC008526,61.93
EC009435,65.25
EC010558,51.37
EC008471,52.51
EC010603,60.41
EC010990,44.67
EC008957,27.49
EC010856,45.2
EC009668,69.87
EC010644,27.02
EC010245,29.4
EC009568,20.15
EC008700,56.82
EC010918,46.71
EC010324,66.37
EC009695,33.25
EC009892,100.42
EC009613,21.15
EC010882,53.85
EC008291,56.07
EC010938,54.45
EC008225,23.11
EC009499,69.37
EC008150,74.75
EC009654,45.21
EC009770,61.14
EC008900,20.24
EC009396,80.6
EC008767,53.81
EC009093,90.55
EC009691,64.75
EC010283,75.72
EC010098,48.12
EC008948,41.33
EC008953,62.15
EC010659,48.48
EC010533,65.15
EC008437,61.47
EC010345,67.16
EC009399,50.57
EC009229,67.58
EC010786,90.47
EC008125,68.49
EC010470,66.07
EC009915,83.79
EC010963,55.0
EC008388,44.85
EC008221,42.01
EC010902,56.1
EC009925,34.76
EC008529,18.56
EC008071,71.23
EC008752,39.27
EC009261,50.95
EC009347,37.2
EC008665,82.26
EC008274,77.29
EC010930,87.75
EC009621,56.91
EC009179,48.44
EC010065,24.7
EC010298,82.68
EC009850,64.36
EC008908,45.29
EC009102,50.17
EC010878,40.2
EC010873,90.25
EC010586,37.13
EC009206,60.42
EC009602,37.1
EC010220,43.66
EC008564,86.3
EC008788,65.84
EC009024,99.74
EC008265,74.18
EC010822,44.75
EC009838,49.0
EC008242,76.75
EC010180,33.59
EC010183,66.75
EC009725,106.46
EC009532,37.45
EC010252,117.61
EC009891,54.86
EC010476,57.47
EC008286,35.27
EC010906,51.41
EC010715,49.8
EC008385,61.8
EC009320,52.74
EC008720,62.77
EC009410,55.3
EC010156,81.91
EC008855,106.11
EC008873,60.67
EC010117,58.04
EC010391,70.53
EC009287,74.21
EC009316,42.46
EC008102,44.89
EC008662,19.11
EC010242,84.73
EC010710,40.69
EC009072,67.93
EC009664,45.58
EC010968,45.7
EC008008,88.62
EC009807,64.34
EC009726,57.78
EC009363,21.61
EC010271,63.71
EC008167,70.87
EC010107,34.24
EC009391,69.69
EC008404,62.07
EC010718,41.88
EC010594,78.32
EC008996,22.95
EC009041,56.77
EC010011,73.56
EC009475,126.26
EC010986,46.95
EC008283,64.12
EC010695,49.5
EC009581,27.63
EC008107,52.43
EC010425,71.22
EC008104,40.49
EC010386,99.25
EC010351,40.15
EC008139,45.67
EC008501,70.66
EC010341,29.78
EC008424,79.86
EC009176,73.59
EC009516,16.44
EC009418,57.6
EC010703,31.07
EC008554,29.07
EC010896,34.98
EC008078,78.72
EC010996,73.52
EC010430,71.6
EC009804,47.01
EC009432,44.49
EC010305,27.55
EC009509,54.65
EC009769,65.71
EC008414,38.75
EC010562,63.2
EC009403,124.4
EC009192,89.2
EC010014,53.31
EC010764,64.11
EC008683,40.28
EC010987,101.57
EC009530,57.89
EC009699,49.2
EC009945,24.67
EC010099,61.51
EC009141,64.69
EC010484,20.24
EC010142,63.36
EC008771,75.03
EC008689,86.0
EC008376,45.74
EC010164,37.38
EC009350,23.7
EC009020,77.64
EC009162,62.65
EC009190,56.09
EC010793,55.83
EC010843,48.75
EC009079,28.13
EC009953,67.26
EC009234,48.46
EC009294,43.64
EC009552,75.81
EC009541,44.03
EC008578,48.38
EC010704,49.4
EC009219,46.46
EC010550,99.07
EC009510,21.74
EC009496,74.45
EC009484,84.29
EC008514,37.72
EC009318,68.87
EC009603,65.92
EC008246,74.42
EC010004,50.26
EC009395,65.78
EC010204,55.45
EC009034,89.63
EC010435,82.46
EC008127,93.48
EC008596,44.33
EC008091,37.91
EC010049,21.18
EC010646,58.2
EC009420,31.62
EC009670,54.03
EC008226,60.58
EC008750,76.36
EC010748,41.83
EC010730,37.21
EC009299,28.91
EC009539,62.25
EC009513,60.26
EC009414,46.21
EC009922,96.66
EC009833,59.15
EC010389,48.86
EC010045,73.85
EC009848,51.49
EC009301,72.56
EC009707,19.29
EC008395,80.2
EC010461,53.9
EC008398,69.09
EC008980,36.08
EC008007,110.88
EC010188,69.32
EC010825,73.36
EC010096,35.08
EC009721,40.25
EC008346,75.01
EC009174,57.48
EC009913,49.41
EC008383,41.29
EC009789,107.65
EC010510,60.06
EC010201,31.03
EC008254,36.29
EC009713,42.0
EC009869,70.01
EC009845,52.04
EC009487,57.05
EC009556,69.56
EC009718,34.51
EC010721,55.14
EC010035,37.01
EC010782,67.45
EC008243,40.07
EC008230,46.9
EC010841,34.63
EC010741,61.9
EC008691,32.96
EC009168,31.5
EC009946,58.02
EC010244,38.76
EC009760,81.54
EC008617,44.57
EC008787,70.54
EC008678,56.67
EC010920,28.43
EC008065,34.58
EC008841,60.72
EC009050,85.01
EC009278,52.58
EC009236,29.12
EC009214,25.35
EC009542,67.94
EC009736,50.34
EC010716,18.56
EC009893,50.84
EC010265,26.39
EC009976,48.3
EC009528,69.22
EC010576,51.73
EC009485,54.53
EC009662,63.65
EC008461,22.61
EC010950,64.45
EC009813,55.54
EC008494,50.18
EC008637,51.2
EC008482,43.49
EC008401,40.69
EC010687,35.82
EC009981,66.16
EC010921,30.45
EC010288,54.2
EC010469,79.86
EC010548,52.16
EC008778,51.28
EC008281,27.4
EC010394,30.77
EC008553,71.71
EC008777,19.44
EC009814,64.94
EC009902,98.13
EC008949,77.0
EC010495,49.71
EC009912,31.59
EC010398,79.41
EC010230,68.15
EC010904,74.02
EC010021,41.61
EC008488,41.2
EC009134,44.48
EC008391,67.77
EC009122,53.93
EC010954,80.27
EC009314,56.53
EC009738,66.68
EC009536,34.77
EC010314,62.15
EC010857,35.51
EC010076,59.11
EC010334,74.91
EC010368,65.05
EC009899,45.92
EC009357,83.8
EC008378,75.92
EC010994,73.27
EC008370,56.99
EC010177,28.16
EC008058,67.21
EC009875,62.31
EC008422,55.64
EC010852,43.31
EC010654,55.05
EC010256,54.74
EC010195,70.92
EC009728,27.98
EC010939,53.03
EC009077,35.58
EC008849,38.04
EC009167,34.91
EC009002,38.01
EC008191,62.22
EC010529,60.26
EC008114,90.89
EC008635,40.01
EC008990,71.51
EC010861,65.67
EC010593,70.09
EC010403,63.58
EC009877,57.91
EC010320,51.21
EC010522,20.88
EC008386,82.99
EC010955,61.23
EC008945,65.69
EC010809,53.56
EC010023,89.21
EC009900,51.63
EC008653,94.48
EC010739,46.18
EC008499,72.91
EC010261,47.15
EC009398,28.25
EC009937,84.38
EC008013,29.01
EC010657,51.23
EC010579,77.83
EC008410,75.58
EC010344,93.44
EC010916,18.8
EC008043,93.88
EC009839,60.45
EC008186,54.05
EC008952,23.98
EC009675,94.28
EC008006,69.91
EC008495,53.24
EC009044,70.88
EC008836,34.77
EC008979,17.91
EC009411,55.75
EC010780,56.05
EC008732,52.19
EC010520,42.9
EC009911,44.39
EC008992,57.38
EC009012,117.53
EC009090,75.25
EC008687,31.27
EC008518,18.35
EC009082,57.16
EC008764,70.47
EC010545,57.65
EC008305,39.62
EC008347,38.22
EC010989,39.0
EC009246,98.09
EC009194,25.93
EC008206,23.27
EC008976,28.58
EC010413,42.87
EC009986,84.89
EC009340,44.94
EC008595,76.12
EC010132,60.05
EC009969,66.24
EC009795,33.21
EC010553,35.29
EC009009,32.94
EC009081,69.86
EC010173,61.5
EC008402,42.54
EC010663,69.24
EC009587,64.47
EC008807,49.31
EC010515,40.52
EC008393,44.43
EC008839,62.52
EC010399,71.48
EC009733,43.17
EC009979,46.88
EC008474,43.68
EC010605,36.86
EC009682,17.41
EC009209,77.7
EC010463,66.94
EC009478,64.68
EC008813,27.08
EC010010,49.51
EC008141,35.33
EC009132,84.58
EC010531,22.55
EC009000,29.97
EC008029,55.05
EC008666,76.09
EC010263,58.31
EC008207,70.35
EC010934,39.68
EC008187,67.55
EC008119,49.32
EC008734,33.16
EC008639,38.86
EC008176,68.13
EC008028,59.8
EC009693,57.55
EC010694,74.9
EC010912,65.4
EC008896,78.56
EC010590,21.96
EC009596,26.02
EC009222,54.58
EC009643,42.87
EC010026,64.66
EC008343,58.69
EC009742,31.88
EC008573,63.04
EC009171,67.69
EC010291,50.42
EC009385,64.32
EC010796,67.14
EC009730,46.26
EC010981,57.54
EC009907,36.39
EC008971,31.69
EC008928,62.03
EC008887,50.21
EC010020,84.07
EC009588,64.48
EC009381,86.36
EC008339,64.16
EC009458,51.14
EC008531,44.49
EC010723,62.34
EC008380,46.33
EC008026,25.13
EC009727,43.37
EC010404,38.51
EC008658,61.01
EC009989,69.48
EC008500,80.81
EC009243,53.6
EC010423,49.13
EC009971,67.95
EC010365,43.05
EC008965,51.43
EC008344,63.07
EC010165,37.47
EC008012,40.03
EC009987,88.47
EC009687,62.62
EC010240,53.6
EC010747,40.5
EC008910,43.1
EC008451,38.47
EC010791,53.85
EC008880,56.98
EC008710,66.2
EC008536,60.32
EC009140,93.9
EC009560,47.64
EC009257,28.73
EC008145,47.77
EC010738,19.79
EC009996,85.47
EC010073,47.01
EC010824,42.34
EC009437,89.32
EC009543,28.37
EC010060,67.17
EC008345,27.22
EC010363,30.79
EC010224,34.93
EC010698,44.56
EC008603,48.26
EC008077,37.54
EC010474,47.59
EC010540,101.92
EC008866,23.63
EC010121,69.87
EC008359,39.69
EC008324,48.23
EC008702,50.82
EC009544,42.97
EC008298,61.85
EC010521,24.37
EC008844,52.0
EC009504,43.13
EC010104,65.54
EC010980,56.27
EC010667,34.82
EC008496,34.17
EC009019,84.77
EC009518,50.11
EC009332,71.76
EC008636,75.05
EC008320,60.31
EC010534,32.8
EC008300,40.12
EC009977,26.47
EC009453,58.21
EC010175,57.7
EC009750,109.76
EC009919,39.91
EC009383,51.83
EC008237,72.38
EC010528,54.93
EC010300,45.87
EC008411,85.02
EC009598,27.98
EC008351,79.68
EC010640,36.16
EC008121,37.42
EC010420,45.02
EC010102,60.89
EC010197,62.89
EC008484,47.79
EC008108,64.14
EC009256,70.31
EC009074,43.1
EC010819,64.75
EC008525,46.12
EC010745,68.34
EC009477,81.71
EC008250,22.18
EC008611,54.27
EC010054,86.59
EC008266,37.03
EC009308,69.45
EC010037,50.82
EC010765,33.65
EC009904,60.38
EC008428,51.03
EC008675,68.04
EC008913,72.23
EC009515,47.88
EC008208,56.15
EC008749,50.24
EC008655,41.39
EC009001,40.11
EC010147,35.23
EC008541,75.05
EC010509,33.16
EC008576,22.86
EC008331,37.15
EC010546,61.11
EC009649,28.93
EC009275,64.2
EC010226,57.13
EC009968,67.74
EC008729,50.66
EC009188,31.1
EC009571,42.46
EC010702,52.85
EC008955,53.89
EC010569,47.12
EC009883,51.14
EC009861,60.77
EC009576,57.72
EC009618,52.67
EC008847,60.69
EC009855,65.21
EC010402,25.07
EC009160,77.61
EC009022,92.02
EC009205,41.55
EC010610,49.18
EC010675,75.68
EC009138,95.06
EC008468,45.89
EC009404,78.83
EC010167,25.64
EC010900,86.56
EC008140,51.34
EC009452,58.48
EC010396,31.61
EC010254,26.41
EC010434,57.89
EC008097,56.74
EC009337,27.12
EC009382,59.16
EC008251,66.64
EC008772,50.38
EC009087,63.8
EC010140,66.11
EC010438,80.7
EC010933,75.78
EC010853,84.64
EC010683,51.8
EC010970,32.53
EC010767,86.95
EC008418,69.53
EC009241,90.08
EC010631,47.03
EC010043,44.72
EC009669,94.87
EC009884,82.12
EC010732,89.86
EC008466,30.09
EC008512,51.18
EC009389,66.19
EC010108,83.5
EC010384,33.41
EC010190,56.07
EC009298,84.28
EC009633,67.0
EC010050,62.39
EC009457,29.72
EC008706,53.73
EC009958,49.39
EC008823,74.75
EC008751,66.0
EC008583,99.6
EC009529,84.81
EC010292,38.05
EC010898,97.85
EC010838,65.58
EC010974,50.59
EC009716,65.16
EC008048,50.34
EC008067,23.72
EC008677,78.91
EC008307,42.72
EC008338,28.27
EC010153,63.5
EC010783,41.68
EC008685,66.61
EC008229,65.36
EC008135,73.68
EC009025,54.0
EC009228,24.86
EC009223,36.44
EC008285,20.94
EC010205,46.03
EC009182,30.17
EC009740,105.99
EC008353,18.51
EC010518,80.82
EC008268,63.17
EC010264,56.1
EC010036,47.21
EC010208,59.5
EC008332,70.0
EC009139,82.35
EC010724,115.39
EC010465,55.16
EC010471,36.32
EC008717,36.5
EC008505,22.51
EC010855,46.61
EC010890,60.69
EC010895,38.53
EC008476,72.6
EC008510,52.95
EC010851,24.54
EC008731,52.02
EC009401,61.17
EC009685,58.95
EC010909,64.1
EC009070,45.15
EC010928,71.24
EC010676,46.43
EC009779,63.28
EC008138,47.04
EC010625,43.53
EC009394,63.46
EC010166,52.7
EC009862,27.54
EC010094,35.9
EC009524,34.56
EC010144,64.98
EC010168,44.0
EC008262,54.89
EC009465,117.22
EC010303,45.31
EC010362,53.73
EC009277,66.42
EC008519,56.59
EC010689,45.97
EC009393,98.32
EC008293,23.57
EC010490,52.0
EC010564,53.52
EC010779,81.18
EC010848,61.47
EC009349,65.19
EC009029,35.15
EC010202,80.69
EC010763,63.43
EC010881,47.31
EC010849,42.11
EC010649,34.73
EC009992,31.74
EC009823,45.95
EC009927,26.97
EC008027,24.54
EC008854,57.12
EC008030,62.87
EC008586,69.63
EC010377,58.55
EC008426,60.42
EC008033,74.72
EC008181,67.09
EC009585,58.41
EC008659,50.51
EC010163,51.56
EC008801,54.49
EC008608,32.99
EC008443,82.51
EC009748,41.04
EC008257,24.46
EC009331,43.92
EC008956,28.19
EC008668,62.57
EC009161,20.82
EC010112,42.88
EC009757,72.03
EC010319,30.67
EC009778,54.16
EC009175,60.08
EC009793,36.94
EC010600,64.78
EC008463,30.09
EC008657,54.76
EC010114,46.2
EC009482,65.47
EC010661,36.5
EC008991,38.03
EC009042,84.03
EC008969,56.79
EC010801,59.33
EC008542,48.1
EC008239,31.76
EC009857,34.82
EC009481,70.77
EC010931,70.89
EC010444,86.75
EC008095,78.47
EC010673,62.65
EC010234,90.61
EC010236,48.61
EC009276,32.79
EC010753,62.4
EC010652,21.66
EC010743,44.16
EC008701,78.98
EC009916,66.09
EC010401,36.11
EC010327,73.85
EC009231,81.89
EC008614,44.03
EC009879,46.74
EC010061,19.78
EC009920,28.15
EC010952,32.73
EC009323,49.55
EC010330,49.13
EC008643,83.28
EC009269,43.74
EC010251,60.93
EC010053,74.64
EC008631,52.35
EC009235,87.31
EC009368,25.15
EC010084,30.15
EC009479,24.99
EC008797,54.95
EC010965,62.25
EC008248,21.16
EC010658,68.5
EC008914,22.02
EC010477,39.71
EC008093,37.14
EC009677,51.52
EC008258,84.22
EC008757,47.73
EC008582,60.23
EC010024,61.89
EC008234,60.63
EC010262,46.81
EC010393,43.28
EC008335,58.85
EC010266,65.85
EC009573,93.9
EC008329,106.48
EC008312,52.07
EC008997,53.22
EC008682,75.87
EC010359,49.5
EC008722,61.92
EC010231,45.81
EC009645,49.92
EC008357,114.77
EC010897,48.79
EC010526,72.75
EC009146,53.07
EC010664,38.7
EC008429,57.01
EC008676,104.99
EC010443,42.17
EC009801,69.95
EC008961,45.77
EC009749,74.24
EC009978,76.14
EC008727,82.52
EC010031,43.89
EC008626,45.84
EC009438,73.52
EC008382,71.39
EC009799,81.12
EC008552,50.27
EC010678,77.6
EC009216,56.71
EC009559,47.79
EC010958,35.28
EC010016,47.59
EC010055,46.52
EC010219,52.92
EC009936,41.97
EC009238,71.85
EC009508,60.03
EC008128,28.93
EC009386,75.54
EC008925,29.08
EC008786,46.67
EC008943,47.54
EC008441,17.51
EC008377,44.61
EC010089,68.34
EC008878,58.7
EC010666,34.47
EC008860,71.57
EC008857,67.19
EC010737,51.13
EC008134,67.53
EC009270,35.11
EC009932,80.47
EC008302,79.15
EC008577,21.25
EC009334,77.55
EC008792,34.12
EC009847,37.33
EC008478,70.46
EC010828,21.37
EC010446,46.8
EC010216,77.3
EC009325,60.55
EC008403,57.68
EC008741,63.08
EC009242,44.92
EC009759,51.76
EC010342,63.12
EC010022,60.28
EC010497,68.88
EC009503,41.02
EC009758,108.29
EC009626,39.76
EC009327,51.68
EC008692,40.24
EC010951,24.97
EC008295,32.34
EC009063,29.34
EC008981,77.54
EC008540,69.02
EC009775,78.62
EC009120,62.04
EC008358,60.19
EC010713,49.43
EC009895,22.3
EC008454,79.13
EC008853,73.38
EC010499,68.51
EC008936,22.34
EC009526,61.88
EC010025,30.61
EC008638,44.06
EC008436,22.29
EC010726,60.66
EC010295,38.69
EC008547,76.56
EC008870,27.26
EC010122,95.27
EC010260,60.62
EC008309,69.64
EC008158,84.63
EC010506,19.95
EC010636,51.35
EC010995,122.56
EC009856,47.75
EC010788,67.9
EC010318,25.85
EC009500,84.23
EC008160,70.81
EC010976,14.65
EC010247,51.42
EC009094,37.86
EC009935,37.71
EC008489,74.28
EC010775,40.44
EC009239,41.66
EC010460,56.86
EC010717,53.05
EC010493,51.05
EC009172,45.28
EC008498,27.17
EC010409,23.3
EC008041,34.56
EC009230,36.05
EC010535,96.48
EC010452,41.97
EC010907,55.14
EC010432,45.69
EC010346,60.89
EC009028,47.08
EC008057,57.4
EC009680,59.37
EC009375,85.01
EC009390,77.84
EC009612,44.25
EC010044,24.4
EC009665,42.0
EC008507,61.96
EC009114,35.03
EC009853,50.6
EC009608,50.09
EC010109,100.97
EC008859,96.9
EC009908,78.62
EC010869,41.89
EC008977,55.9
EC008047,50.55
EC009017,67.8
EC008364,40.38
EC009011,28.57
EC008118,51.52
EC008085,62.99
EC010660,89.85
EC008607,62.1
EC008392,57.08
EC010388,42.48
EC008650,27.01
EC010078,50.8
EC010273,29.96
EC010135,66.25
EC008326,31.06
EC010860,71.74
EC008227,62.06
EC010077,30.89
EC009731,113.48
EC009018,65.54
EC009008,50.34
EC008117,71.33
EC009517,36.5
EC008449,18.77
EC010971,65.08
EC009784,40.08
EC009005,68.35
EC008294,45.81
EC009836,77.71
EC010757,37.01
EC010392,52.35
EC010755,88.84
EC010556,18.83
EC009520,39.06
EC008580,106.23
EC008831,45.81
EC009055,39.16
EC010889,38.37
EC008142,46.42
EC009944,87.6
EC008040,62.53
EC008524,65.72
EC008842,38.74
EC008906,48.71
EC010259,65.3
EC008620,48.07
EC010565,73.52
EC009201,32.3
EC009672,21.62
EC008438,25.6
EC009144,45.0
EC009202,58.89
EC009918,38.66
EC010503,103.72
EC009607,61.91
EC010126,61.62
EC008545,48.66
EC009336,63.34
EC008970,39.28
EC009083,66.53
EC010977,39.3
EC008154,125.31
EC010911,31.84
EC010289,74.7
EC008832,53.31
EC008828,44.19
EC010953,55.81
EC010488,40.32
EC010680,29.74
EC008039,46.1
EC008550,68.52
EC009889,29.8
EC009545,48.09
EC008143,54.42
EC010884,90.27
EC008633,25.66
EC008328,51.67
EC008031,59.07
EC008783,78.64
EC008087,45.62
EC009006,32.82
EC009388,60.9
EC008775,80.33
EC009812,29.7
EC009948,62.38
EC009474,40.95
EC010058,66.21
EC010063,118.81
EC010893,31.15
EC010538,32.44
EC009970,84.49
EC010356,42.05
EC008838,72.52
EC010150,55.47
EC009854,74.26
EC010111,48.71
EC008195,71.39
EC008589,35.26
EC008516,87.59
EC010041,65.61
EC010468,27.09
EC009689,50.0
EC009158,58.9
EC008845,52.16
EC008379,99.56
EC008592,56.46
EC010012,28.44
EC010832,32.4
EC010984,36.92
EC009321,60.89
EC010864,46.97
EC009955,41.08
EC010125,42.77
EC008356,49.34
EC009868,20.78
EC010821,46.06
EC010725,53.56
EC010134,25.08
EC010670,62.03
EC010095,51.05
EC010627,67.96
EC010671,44.71
EC009860,42.22
EC009660,70.14
EC009119,18.51
EC008389,84.04
EC008276,78.37
EC008793,69.94
EC008975,61.91
EC008885,77.81
EC009351,63.46
EC008115,44.24
EC010378,49.09
EC010046,45.32
EC008267,65.81
EC008652,39.64
EC010437,41.68
EC010797,41.86
EC010311,23.96
EC008178,57.09
EC008171,49.2
EC008947,46.95
EC008559,42.4
EC009637,77.11
EC010637,43.5
EC008109,58.35
EC008136,51.21
EC010316,51.83
EC010647,53.83
EC010080,29.57
EC009355,44.51
EC009832,29.55
EC008101,56.62
EC010312,75.98
EC008766,54.08
EC009266,26.83
EC008479,17.04
EC009211,27.52
EC009563,29.42
EC009232,66.19
EC008017,62.4
EC008304,43.64
EC009702,48.31
EC008299,72.83
EC010740,45.7
EC009659,49.14
EC008933,57.83
EC008648,82.75
EC010340,49.85
EC008014,39.76
EC010903,49.35
EC008164,68.09
EC009373,59.98
EC009154,69.01
EC009467,60.52
EC009655,62.65
EC009867,48.26
EC008789,55.66
EC009729,50.39
EC009666,59.37
EC008433,37.38
EC009809,54.47
EC009829,27.41
EC009772,63.55
EC010456,93.84
EC008672,78.6
EC010462,17.67
EC009291,66.82
EC010415,23.87
EC010357,74.38
EC009985,67.04
EC008453,59.72
EC009305,28.23
EC010005,76.96
EC009999,41.52
EC008760,20.47
EC008064,88.05
EC009882,68.02
EC009221,70.24
EC010090,48.38
EC008544,73.26
EC008773,27.9
EC009864,68.11
EC008922,80.29
EC008532,42.49
EC008735,66.78
EC008715,43.29
EC009429,23.75
EC010972,50.06
EC008816,53.78
EC008099,53.18
EC008333,50.04
EC008850,85.52
EC008967,46.74
EC008972,76.4
EC008315,72.23
EC010720,129.08
EC010480,23.66
EC010274,37.49
EC009040,48.72
EC010039,59.57
EC008503,54.75
EC010136,95.34
EC008289,34.33
EC009834,97.17
EC008974,29.35
EC010106,20.77
EC008100,55.19
EC009345,51.37
EC010139,34.83
EC008188,20.96
EC009026,74.33
EC010141,59.34
EC009173,56.85
EC009424,63.8
EC008219,54.16
EC010688,69.39
EC009113,64.75
EC010901,38.13
EC010899,21.79
EC008848,29.34
EC010286,25.9
EC009180,74.91
EC010578,36.32
EC009295,88.0
EC008926,30.08
EC009632,46.95
EC010093,37.86
EC008779,29.23
EC008565,71.97
EC009639,40.15
EC009683,40.06
EC009419,53.88
EC008987,76.58
EC010979,66.63
EC009998,28.95
EC009514,17.53
EC010614,44.51
EC010072,59.74
EC010169,50.2
EC009494,37.8
EC008593,61.75
EC009480,58.76
EC010424,21.33
EC008649,35.5
EC008216,76.87
EC009940,55.35
EC009821,30.72
EC008810,69.46
EC008198,23.12
EC009038,54.43
EC008423,107.34
EC010662,24.22
EC009753,49.6
EC008719,70.64
EC010630,72.7
EC009961,54.32
EC009051,45.25
EC010561,85.63
EC010563,66.06
EC010769,42.71
EC008050,45.97
EC009303,62.38
EC009630,45.0
EC009118,64.16
EC009767,48.94
EC009502,48.14
EC009794,55.7
EC009653,51.79
EC008562,49.7
EC009599,53.18
EC010221,50.62
EC008244,58.96
EC009557,59.39
EC008782,75.26
EC009443,82.06
EC010304,36.97
EC008656,114.49
EC010213,115.1
EC009641,70.73
EC008604,77.46
EC010148,31.82
EC008434,18.61
EC008081,103.75
EC008951,71.39
EC008084,73.05
EC008222,44.62
EC010152,72.65
EC009817,59.13
EC008173,50.15
EC008968,61.4
EC010948,50.65
EC008116,81.27
EC009533,46.55
EC010088,52.81
EC009408,50.01
EC009376,50.5
EC009193,76.27
EC010355,24.86
EC009797,63.73
EC008686,38.7
EC008269,23.58
EC008982,61.31
EC008746,55.64
EC008513,54.79
EC008374,40.24
EC010582,66.87
EC010249,22.77
EC009547,75.43
EC008601,63.57
EC009023,47.79
EC010560,37.51
EC008993,50.21
EC008311,98.17
EC010845,21.29
EC008009,58.24
EC009248,49.19
EC009620,17.22
EC008113,19.86
EC009486,54.37
EC008224,59.09
EC009878,71.81
EC008175,27.12
EC008054,28.3
EC009575,100.06
EC010542,32.25
EC009679,24.45
EC010759,39.54
EC010629,90.15
EC010390,38.63
EC008999,29.71
EC010668,28.48
EC009938,59.39
EC010483,68.99
EC009030,69.22
EC010850,49.01
EC008986,88.04
EC010091,73.3
EC008535,45.06
EC010457,37.76
EC009417,45.77
EC010910,42.32
EC008795,27.21
EC010525,73.66
EC009127,61.46
EC009723,74.78
EC009678,37.76
EC008061,46.91
EC009983,33.97
EC010092,66.42
EC009582,47.17
EC009531,66.78
EC010082,21.34
EC009622,69.54
EC008912,45.0
EC009965,57.66
EC010229,55.36
EC009313,76.77
EC009080,35.26
EC008724,17.09
EC009106,56.27
EC009280,72.56
EC008730,30.25
EC009714,109.92
EC010810,45.77
EC008280,104.43
EC010847,19.88
EC008714,62.68
EC010770,41.14
EC008642,32.16
EC008260,32.76
EC009569,54.59
EC008984,59.84
EC008568,37.21
EC009991,32.89
EC009033,56.85
EC009617,35.28
EC010750,42.2
EC008342,67.96
EC009579,66.67
EC009358,87.73
EC010276,44.54
EC010760,51.93
EC008835,75.57
EC008120,69.16
EC009304,49.23
EC009400,50.89
EC008322,21.6
EC010693,34.28
EC009226,66.15
EC008894,55.18
EC010734,30.26
EC009189,20.93
EC009255,45.22
EC010317,56.14
EC009843,66.58
EC009126,29.51
EC008472,52.28
EC009914,49.59
EC010322,45.59
EC008233,54.55
EC008282,43.62
EC010674,24.91
EC009724,78.28
EC010749,67.82
EC009159,29.3
EC010200,79.77
EC008829,62.62
EC010966,53.43
EC010323,48.21
EC009762,44.82
EC010482,91.45
EC010811,50.15
EC010581,29.22
EC009289,68.86
EC010315,68.8
EC010914,71.74
EC010279,37.88
EC008223,39.69
EC010120,48.94
EC008111,69.35
EC009374,75.93
EC010588,56.31
EC010733,29.91
EC009428,52.86
EC010537,39.8
EC008820,69.24
EC008587,33.39
EC009674,53.06
EC010514,77.24
EC008937,36.4
EC008275,59.1
EC010575,103.34
EC009806,67.98
EC009292,74.86
EC009697,19.77
EC009535,42.51
EC010840,27.96
EC009497,71.2
EC010187,86.65
EC009994,73.79
EC010592,45.2
EC009115,83.89
EC010648,46.19
EC009629,24.12
EC010269,41.67
EC008834,50.36
EC010833,67.81
EC009615,76.87
EC008548,61.92
EC008397,40.24
EC010700,22.07
EC008871,50.56
EC010007,62.2
EC010308,44.56
EC008833,68.55
EC010639,49.96
EC010803,89.82
EC010209,64.06
EC010349,80.01
EC008506,49.28
EC010253,32.04
EC008038,20.67
EC008103,30.76
EC009835,47.92
EC009059,34.49
EC008964,20.86
EC010459,41.77
EC009184,46.82
EC010445,64.63
EC010892,62.39
EC009512,20.6
EC008939,49.67
EC010686,43.57
EC008215,18.91
EC009492,44.99
EC010985,52.52
EC010110,51.27
EC008737,49.67
EC010410,53.6
EC008450,58.99
EC008166,41.24
EC010820,58.75
EC010778,48.72
EC008561,69.97
EC009763,26.62
EC010383,55.94
EC008563,42.15
EC008802,33.01
EC010731,42.85
EC009181,44.92
EC008698,64.99
EC008703,21.75
EC008929,48.09
EC009136,62.41
EC010530,81.97
EC009846,111.72
EC009282,116.71
EC008110,34.5
EC009297,60.34
EC010998,47.58
EC009574,47.06
EC009549,66.51
EC008367,31.51
EC010358,21.5
EC008861,66.41
EC009934,53.77
EC010815,77.08
EC010032,61.07
EC008852,43.01
EC009004,20.5
EC009147,53.18
EC010701,96.14
EC010006,50.64
EC010149,27.23
EC008352,76.7
EC009822,65.22
EC010431,78.61
EC008796,24.63
EC009837,55.43
EC009237,40.92
EC009901,120.1
EC010650,87.38
EC010645,80.49
EC010059,55.98
EC008528,22.11
EC010364,64.57
EC009605,29.15
EC009684,32.74
EC009505,107.41
EC010408,22.24
EC010993,58.47
EC009156,39.19
EC010159,42.95
EC008978,72.88
EC008306,64.09
EC009974,43.16
EC008204,83.63
EC010196,42.92
EC009091,66.02
EC009427,102.52
EC008497,95.28
EC010000,44.87
EC008502,41.46
EC010823,77.78
EC010589,45.2
EC010466,19.51
EC009095,52.8
EC009554,61.29
EC010638,54.62
EC009719,53.54
EC009844,52.42
EC009858,66.54
EC008284,71.02
EC008290,57.12
EC008712,79.75
EC009416,47.57
EC009434,21.93
EC008447,60.13
EC010798,79.8
EC009640,27.24
EC009761,35.19
EC010523,34.63
EC010773,50.27
EC008883,61.36
EC009272,29.31
EC010992,40.61
EC010028,29.63
EC010450,46.96
EC009100,70.69
EC008146,65.39
EC008907,60.32
EC008210,61.66
EC010369,65.45
EC008776,27.49
EC008791,29.56
EC009053,67.1
EC008459,59.44
EC010272,59.92
EC009046,59.74
EC008396,82.18
EC009464,69.57
EC010894,48.98
EC009036,26.06
EC009108,47.65
EC009145,49.87
EC009540,53.56
EC008891,64.65
EC008412,36.65
EC009107,37.79
EC008044,60.41
EC008645,60.42
EC008470,44.82
EC008690,45.87
EC010030,40.94
EC008862,64.33
EC009245,34.89
EC010712,67.29
EC009016,81.07
EC008877,36.17
EC008923,62.86
EC009048,57.11
EC009611,18.01
EC009764,44.28
EC010681,33.76
EC009116,60.23
EC008034,65.38
EC010574,47.22
EC009831,53.27
EC009951,27.77
EC008872,29.75
EC009658,38.59
EC008408,53.41
EC010097,58.12
EC009343,57.42
EC008780,67.42
EC010086,45.05
EC010501,47.47
EC009213,64.96
EC009268,31.3
EC009584,87.33
EC010635,49.17
EC010776,80.4
EC010672,44.58
EC008634,38.54
EC009885,19.35
EC010524,50.81
EC008323,112.46
EC009562,71.58
EC009071,47.65
EC010079,82.53
EC010248,68.87
EC008705,101.93
EC008875,61.48
EC009717,34.86
EC009258,122.7
EC009293,81.16
EC010433,72.41
EC010960,74.33
EC008869,37.81
EC009735,68.52
EC008365,46.62
EC009954,59.8
EC008616,56.22
EC008680,21.03
EC010009,56.43
EC010929,48.66
EC010085,52.7
EC008079,42.06
EC010532,33.3
EC008794,46.94
EC008584,37.93
EC009253,71.98
EC008800,24.6
EC010699,33.5
EC009521,41.75
EC010624,131.65
EC010692,31.14
EC010154,27.27
EC009766,39.7
EC010925,57.24
EC009910,51.4
EC009267,67.98
EC008124,43.14
EC010816,59.09
EC010585,54.79
EC008988,55.04
EC009045,21.68
EC009790,34.39
EC008523,76.57
EC008567,36.19
EC010555,38.95
EC009010,42.76
EC009264,32.05
EC008588,66.6
EC009962,55.97
EC009507,83.99
EC010917,66.78
EC010551,71.56
EC009745,66.65
EC008189,23.12
EC009627,43.32
EC010891,69.86
EC008264,77.06
EC010591,73.78
EC008858,51.78
EC008247,68.11
EC008036,24.58
EC010831,50.93
EC008739,82.49
EC008308,63.77
EC010400,62.86
EC010193,59.33
EC009240,74.73
EC010943,44.25
EC008279,43.32
EC010057,32.33
EC008310,22.72
EC008696,64.17
EC009776,48.56
EC010380,87.27
EC009959,56.11
EC009710,40.21
EC010069,64.51
EC008647,63.94
EC008080,44.79
EC009628,71.14
EC010225,39.98
EC010632,52.65
EC010047,56.67
EC010001,33.35
EC008574,118.45
EC008571,27.98
EC010937,70.82
EC008020,84.91
EC010735,36.8
EC009096,52.95
EC009220,44.59
EC010517,48.91
EC008163,71.5
EC008053,111.56
EC009402,51.23
EC008884,50.35
EC010158,51.98
EC010962,51.46
EC010587,30.97
EC010128,77.75
EC008072,77.91
EC010395,79.85
EC010772,71.8
EC008530,44.54
EC009638,26.14
EC008486,30.61
EC010886,55.32
EC009015,65.04
EC010214,41.91
EC010115,34.98
EC010714,54.14
EC008399,34.54
EC008630,50.96
EC008995,34.98
EC008998,86.36
EC009149,43.01
EC010957,30.45
EC010834,47.41
EC010203,24.08
EC010615,60.37
EC008667,59.41
EC009623,77.26
EC010406,76.37
EC009444,90.77
EC009185,66.0
EC009218,26.49
EC009311,67.64
EC008010,79.03
EC009701,75.95
EC008381,26.84
EC008610,67.68
EC010758,115.7
EC008673,83.62
EC009466,46.94
EC008062,41.92
EC010584,41.66
EC009825,40.28
EC008090,43.26
EC009652,55.18
EC009956,35.99
EC008148,47.18
EC010422,61.32
EC010827,51.4
EC008759,20.83
EC008825,35.24
EC009881,54.45
EC008932,31.0
EC010705,46.04
EC008052,48.66
EC008918,63.4
EC010973,44.78
EC009650,77.36
EC009177,59.66
EC008098,60.0
EC008319,86.71
EC009558,41.04
EC009380,21.3
EC008209,61.35
EC010439,75.62
EC010826,52.73
EC008042,64.91
EC010766,41.38
EC010580,51.82
EC008236,60.54
EC008756,54.3
EC008037,44.08
EC008444,32.69
EC010722,115.46
EC010880,67.13
EC009566,34.55
EC010746,47.1
EC009152,55.98
EC009826,20.62
EC009341,38.51
EC009577,61.69
EC008709,18.85
EC010795,65.18
EC010641,60.27
EC009284,75.82
EC010375,22.97
EC009871,61.19
EC009887,42.65
EC008235,57.64
EC009283,52.0
EC009142,53.01
EC008192,40.04
EC009592,48.9
EC008517,72.52
EC008480,64.7
EC010339,68.36
EC009384,54.74
EC008278,55.11
EC008941,65.67
EC008452,39.23
EC009013,55.15
EC008287,67.31
EC010742,57.12
EC010665,113.9
EC009690,53.27
EC009949,65.68
EC009661,51.08
EC008220,80.5
EC009430,21.25
EC008400,48.29
EC009217,42.28
EC008963,106.29
EC010290,44.67
EC008313,53.04
EC009840,31.96
EC009709,57.27
EC010222,47.63
EC009765,48.28
EC008543,49.07
EC009086,64.25
EC010087,19.97
EC008255,41.25
EC009591,79.74
EC010237,57.05
EC010338,65.58
EC010677,40.83
EC008144,65.22
EC008372,57.74
EC010771,47.09
EC008688,37.54
EC009047,39.9
EC009247,49.24
EC010239,37.09
EC008581,51.33
EC010333,74.32
EC010655,61.74
EC008508,25.76
EC009975,33.46
EC008277,42.42
EC009195,36.15
EC008534,38.82
EC010064,37.53
EC010999,49.74
EC010504,38.27
EC009469,44.74
EC009446,47.66
EC008001,50.21
EC008425,55.7
EC008901,41.35
EC009747,38.87
EC008011,56.49
EC010246,45.8
EC008024,62.5
EC009673,74.51
EC010299,35.87
EC009131,56.85
EC010492,68.21
EC010814,76.67
EC009589,55.07
EC010867,40.44
EC008373,53.01
EC008129,73.17
EC009488,24.93
EC008726,59.18
EC008046,71.45
EC009597,82.7
EC009133,65.95
EC008205,50.77
EC010385,32.07
EC008924,23.38
EC010176,34.03
EC010866,44.3
EC009491,85.01
EC009058,50.32
EC010908,32.65
EC009746,72.81
EC008740,32.81
EC008537,47.87
EC010113,20.79
EC008723,38.82
EC009098,61.66
EC009104,35.47
EC008920,84.75
EC008718,17.72
EC008790,92.96
EC008197,54.11
EC009472,59.0
EC008231,57.26
EC008202,55.78
EC009421,53.62
EC010835,34.72
EC009593,35.76
EC008019,71.74
EC010008,26.5
EC010436,28.79
EC010547,37.64
EC010936,77.44
EC008765,49.73
EC010325,58.69
EC010447,89.18
EC008256,22.97
EC010211,46.74
EC009791,45.1
EC010048,44.93
EC010151,74.07
EC008068,93.04
EC010015,58.55
EC008440,24.13
EC008032,58.2
EC010790,43.74
EC009873,24.82
EC010155,67.8
EC010577,53.37
EC009820,75.35
EC008334,59.13
EC009454,97.61
EC009704,59.71
EC009068,68.29
EC008045,84.9
EC009476,54.95
EC009423,72.26
EC010997,81.96
EC008330,35.95
EC009609,79.72
EC008903,20.38
EC008082,58.33
EC008902,62.34
EC010029,33.13
EC008742,60.52
EC009279,109.59
EC008273,25.42
EC009451,22.32
EC009296,47.34
EC009800,81.12
EC008671,43.85
EC008467,33.74
EC008640,26.7
EC010182,62.44
EC010293,51.58
EC008716,45.41
EC009069,79.22
EC009933,24.36
EC009570,74.98
EC009200,49.78
EC010379,90.37
EC010496,76.66
EC010033,32.54
EC010708,97.54
EC008781,30.19
EC010479,30.7
EC010846,20.4
EC009771,42.11
EC008919,81.9
EC010865,32.43
EC010235,48.74
EC009330,27.04
EC010280,54.59
EC010040,64.28
EC008460,57.5
EC008174,38.03
EC009580,46.63
EC010486,29.99
EC009066,60.42
EC008755,22.07
EC008560,56.47
EC009054,32.91
EC009798,42.2
EC009441,76.45
EC009651,53.84
EC008130,51.82
EC008083,21.85
EC008015,68.23
EC009815,31.22
EC009644,55.71
EC010419,34.71
EC010485,30.98
EC010118,57.61
EC010350,29.11
EC009125,49.8
EC009225,47.75
EC009636,56.31
EC010789,47.45
EC008056,24.23
EC008606,62.29
EC008843,23.47
EC010027,34.16
EC010871,30.9
EC010475,37.8
EC008076,50.24
EC008935,29.5
EC008073,57.31
EC009694,58.23
EC010875,57.04
EC009930,96.32
EC009923,72.18
EC008354,93.86
EC008785,44.51
EC010074,55.18
EC010179,42.42
EC008348,65.83
EC010294,76.5
EC008664,71.96
EC008415,55.94
EC009471,41.04
EC009865,53.78
EC010729,86.29
EC008713,60.39
EC009310,18.92
EC008448,65.19
EC008492,60.66
EC009548,86.89
EC010863,23.75
EC010682,15.56
EC010754,41.53
EC009137,61.67
